{
  "cloudant_apikey": "MwIuvDkXhmX22mJ5z7OU3nzmMrbw7tJ6enao2sf_AV0m",
  "cloudant_host": "057e8dea-dfd7-4e88-a8f4-d99578932a29-bluemix.cloudantnosqldb.appdomain.cloud",
  "cloudant_iam_apikey_description": "Auto-generated for key 8e582460-06c8-4dd8-8da0-492ae9d69a78",
  "cloudant_iam_apikey_name": "8b1a5371-7ab8-43ab-8613-ee8c93a0e1d1",
  "cloudant_iam_role_crn": "crn:v1:bluemix:public:iam::::serviceRole:Writer",
  "cloudant_iam_serviceid_crn": "crn:v1:bluemix:public:iam-identity::a/7717198655494c44bc3546d03a07a02e::serviceid:ServiceId-128ad5ce-7e0b-49ee-8600-10e34ff90584",
  "cloudant_password": "df193bde308e7de9cf51371265c8b1c71ec6e3535da15ee993c6d816b2cbab97",
  "cloudant_port": 443,
  "cloudant_url": "https://057e8dea-dfd7-4e88-a8f4-d99578932a29-bluemix:df193bde308e7de9cf51371265c8b1c71ec6e3535da15ee993c6d816b2cbab97@057e8dea-dfd7-4e88-a8f4-d99578932a29-bluemix.cloudantnosqldb.appdomain.cloud",
  "cloudant_username": "057e8dea-dfd7-4e88-a8f4-d99578932a29-bluemix"
}
